epoch,learning_rate,train_loss_data,train_loss_pde,train_loss_total,validation_mse,validation_rel_l2,validation_pde_l1_shipped,validation_pde_l1_consistent,elapsed_seconds
1,0.0008399293531928985,0.871855193493413,21.994856292126226,0.9635003781786152,0.14750178158283234,0.2003643810749054,31.62430763244629,48.534175872802734,35.20233466709033
2,0.000705481318355041,0.1076517759584913,32.67892635569853,0.24381394479788987,0.10295875370502472,0.16494007408618927,29.810691833496094,44.544410705566406,63.961402417044155
3,0.0005925544674156232,0.07707453709022671,31.049022001378678,0.20644554437375537,0.07823918759822845,0.14367319643497467,29.327512741088867,44.53462600708008,92.3428198340116
4,0.000497703890547967,0.06384572328305711,30.103285845588236,0.18927609686758004,0.07368941605091095,0.138006329536438,28.66830062866211,43.1872673034668,120.40595775004476
5,0.0004180361068695433,0.057613433576097675,29.381484087775736,0.1800362830068551,0.0612933486700058,0.12757648527622223,28.888164520263672,43.39752197265625,150.06742837501224
6,0.0003511207968542132,0.05075431337543562,28.903763116574755,0.17118672763600068,0.06170903146266937,0.12883588671684265,27.991182327270508,42.54948425292969,180.1857880000025
7,0.00029491666379433443,0.04833647316577388,28.398571537990197,0.16666388044170305,0.05126166343688965,0.11904221773147583,28.819046020507812,41.37579345703125,210.69990137498826
8,0.00024770916266658293,0.04245447177512973,28.22229243259804,0.16004734413296567,0.04815101623535156,0.11693459004163742,28.501140594482422,41.433197021484375,239.42461087508127
9,0.00020805819677849747,0.04120823916266946,27.798162722120097,0.15703392028808594,0.048784371465444565,0.1164015680551529,27.776782989501953,42.4412727355957,268.1092895420734
10,0.00017475418664664435,0.03790161188910989,27.513439702052697,0.1525409361895393,0.045036956667900085,0.1116240844130516,28.19782066345215,42.75235366821289,296.7701811250299
11,0.00014678117095786707,0.0360801290063297,27.278274835324755,0.14973963943182253,0.038866735994815826,0.10578884929418564,28.602853775024414,42.08183670043945,326.05267037509475
12,0.0001232858139835375,0.034749905268351235,27.19963761871936,0.14808171403174306,0.040797632187604904,0.10775858163833618,27.993532180786133,41.45781707763672,354.6253968339879
13,0.00010355137399705263,0.03451514711567,26.92171942018995,0.14668901293885475,0.03839685395359993,0.10475843399763107,28.190662384033203,42.441349029541016,383.057679584017
14,8.697583858358029e-05,0.032925292557361076,26.761094037224264,0.14442988003001495,0.03616902977228165,0.10373536497354507,28.62368392944336,41.165164947509766,411.52032262505963
15,7.305355984491662e-05,0.03303038372712977,26.767147288602942,0.14456015007168638,0.03748024255037308,0.10397905111312866,27.952823638916016,41.96432876586914,439.9833734170534
