run,residual,physics_weight,seed,parameters,final_train_loss_data,final_train_loss_pde,final_train_loss_total,validation_mse,test_mse,test_rel_l2_mean,test_rel_l2_std,test_rel_l2_median,test_rel_l2_max,test_pde_l1_shipped,test_pde_l1_consistent,test_pde_rms_consistent,test_pde_signed_mean_consistent,test_pde_smooth_consistent,test_pde_interface_consistent,train_seconds,optimisation_seconds,optimisation_ms_per_step,inference_ms_per_sample,peak_train_memory_mb,peak_inference_memory_mb
dataonly_seed0,,0.0,0,2365169,0.0042567901751574344,,0.0042567901751574344,0.011621450074017048,0.008150506764650345,0.048000936694734264,0.01869102749133981,0.043841343373060226,0.1236240565776825,156.23673954434022,147.46517799437692,227.05202453071507,1.486435624864996,139.6739595287423,218.7884041180785,358.22383941698354,262.0565270810621,171.27877586997522,29.70064606051892,,
shipped_w0.001_seed0,shipped,0.001,0,2365169,0.004326057200338326,102.36241957720588,0.004752568170136097,0.011477856896817684,0.008156109601259232,0.04792879927845206,0.01905070615156763,0.0432058721780777,0.12336216866970062,105.65765507240212,92.64723177092395,142.19710135423452,-1.071639789660461,84.32002978397459,155.18542543750107,476.91108479211107,364.3488277508877,238.1364887260704,27.9128749971278,,
shipped_w0.01_seed0,shipped,0.01,0,2365169,0.005044703390084061,58.26263308057598,0.007472312333537083,0.011534806340932846,0.008445605635643005,0.048770185821922496,0.01965606028367728,0.044545404613018036,0.12492380291223526,63.02213899759597,44.948787997163855,68.31488231047409,-7.771384110296088,39.208033370492956,84.07445383564864,471.6883982089348,361.22810637403745,236.09680155165847,30.039936944376677,,
shipped_w0.1_seed0,shipped,0.1,0,2365169,0.007846171949423995,41.53376799938726,0.025151897879207834,0.012894388288259506,0.009417175315320492,0.0520714392332593,0.018563656977386368,0.04692639410495758,0.1290309876203537,43.813643374606876,35.63042056386812,48.81429788379538,-17.443825984366597,32.70438637840915,58.25351373880118,473.9607948330231,363.0874827960506,237.3120802588566,45.07643746910617,,
shipped_w1_seed0,shipped,1.0,0,2365169,0.03303038372712977,26.767147288602942,0.14456015007168638,0.03748024255037308,0.031214790418744087,0.09784699568990618,0.015077485052250863,0.09390588849782944,0.17061534523963928,27.710966037910676,41.95876283977659,49.72601939267077,-31.223262309551444,42.000140783107824,50.588319110998235,439.9835693340283,334.33949391602073,218.5225450431508,39.62233295897022,,
consistent_w0.001_seed0,consistent,0.001,0,2365169,0.004368490448185042,82.42079312193627,0.004711911374447392,0.011545016430318356,0.008129348047077656,0.04786686292209197,0.018960706791670744,0.04304797202348709,0.12355419993400574,101.33348274989467,86.68041622144467,134.42095277219616,0.39075230410417794,78.26405449562688,148.4215650419038,449.26850541704334,340.6554275016533,222.65060621023093,40.00979149714112,,
consistent_w0.01_seed0,consistent,0.01,0,2365169,0.005107402801513672,31.831200693167894,0.006433703151403689,0.011461188085377216,0.008156053721904755,0.047798496518225875,0.019494569838682817,0.04319559037685394,0.12272435426712036,64.93517578875463,37.90212384316902,62.13330458234573,-0.4558477876687846,31.01146078815906,81.4821441490704,446.7014204999432,336.21825104381423,219.75049087830996,37.62100049061701,,
consistent_w0.1_seed0,consistent,0.1,0,2365169,0.006981678453146243,13.079598221124387,0.01243151169197232,0.011686737649142742,0.008187253028154373,0.04752303160057636,0.02045803282097678,0.04147433117032051,0.12675513327121735,56.23838424224963,16.148191241672546,28.714364118974217,0.13572292365050823,11.895673750106928,41.51674970630245,437.2416812500451,331.75325633515604,216.83219368310853,38.560374989174306,,
consistent_w1_seed0,consistent,1.0,0,2365169,0.012491505520016538,6.794453938802083,0.0408017261355531,0.015746599063277245,0.010771797969937325,0.0536851427750662,0.021275007797072556,0.04910610616207123,0.14079299569129944,55.052462739470954,8.34157257764626,16.72747151340559,-0.1960181159052128,5.519287228551827,24.67734905617651,450.82731954194605,343.10366583114956,224.2507619811435,34.67693744460121,,
